"Qty";"Value";"Device";"Package";"Parts";"Description";"ALT_DKPN";"ALT_MANUFACTURER";"ALT_MOPN";"ALT_MPN";"CAPACITANCE";"COLOR";"CURRENT";"DKPN";"MANUFACTURER";"MOPN";"MPN";"POWER";"RESISTANCE";"TEENSY";"TOLERANCE";"VOLTAGE";"VOLTAGE_CONTINUOUS";"VOLTAGE_MAX";
"1";"ADM8316WBX30";"ADM8316WBX30";"SOT-23-5";"U2";"";"";"";"";"";"";"";"";"ADM8316WBX30ARJZR7TR-ND";"Analog Devices Inc.";"584-M8316WBX30ARJZR7";"ADM8316WBX30ARJZR7";"";"";"";"";"";"";"";
"1";"BATTERY";"BATTERY";"BR-1632A/HAN";"BT100";"Battery";"";"";"";"";"";"";"";"P023-ND";"Panasonic - BSG";"658-BR1632A/HAN";"BR-1632A/HAN";"";"";"";"";" 3V";"";"";
"1";"BUTTON";"BUTTON";"B3S-100X";"LATCH_BUTTON";"Button";"";"";"";"";"";"";"";"SW415-ND ";"Omron";"653-B3S-1000";"B3S-1000";"";"";"";"";"";"";"";
"8";"CAPACITOR_0603_10V_0.1UF";"CAPACITOR_0603_10V_0.1UF";"0603-CAP";"C1, C2, C3, C4, C100, C101, C102, C103";"Capacitor, Non-Polarized";"";"";"";"";"0.1µF";"";"";"720-1688-1-ND";"Vishay Vitramon";"77-VJ0603Y104JXQPBC";"VJ0603Y104JXQPW1BC";"";"";"";"5%";"10V";"";"";
"1";"CAPACITOR_0603_10V_1UF";"CAPACITOR_0603_10V_1UF";"0603-CAP";"C5";"Capacitor, Non-Polarized";"";"";"";"";"1µF";"";"";"311-1796-1-ND";"Yageo";"603-CC603KRX7R6BB105";"CC0603KRX7R6BB105";"";"";"";"10%";"10V";"";"";
"1";"CAPACITOR_0603_10V_4.7NF";"CAPACITOR_0603_10V_4.7NF";"0603-CAP";"C8";"Capacitor, Non-Polarized";"";"";"";"";"4.7nF";"";"";"732-7931-1-ND";"Würth Elektronik";"710-885012206012";"885012206012";"";"";"";"10%";"10V";"";"";
"2";"CAPACITOR_0603_25V_10UF";"CAPACITOR_0603_25V_10UF";"0603-CAP";"C6, C7";"Capacitor, Non-Polarized";"";"";"";"";"10µF";"";"";"490-7202-1-ND";"Murata Electronics";"81-GRM188R61E106MA3D";"GRM188R61E106MA73D";"";"";"";"20%";"25V";"";"";
"2";"CONNECTOR-2_MOLEX_NANOFIT_PTH_VERTICAL_02_BLACK";"CONNECTOR-2_MOLEX_NANOFIT_PTH_VERTICAL_02_BLACK";"MOLEX_NANOFIT_PTH_02";"POWER, SHDN_BTN";"2 Pin Connector";"";"";"";"";"";"";"";"WM15036-ND";"Molex";"538-105309-1302 ";"105309-1302";"";"";"";"";"";"";"";
"1";"CONNECTOR-6_NF_T_V_BLACK";"CONNECTOR-6_NF_T_V_BLACK";"MOLEX_NANOFIT_PTH_06";"CHG_CAN";"6 Pin Connector";"";"";"";"";"";"";"";"WM15062-ND";"Molex";"538-105310-1306";"105310-1306";"";"";"";"";"";"";"";
"1";"CONNECTOR-8_NF_T_V_BLACK";"CONNECTOR-8_NF_T_V_BLACK";"MOLEX_NANOFIT_PTH_08";"MAIN_CONNECTOR";"8 Pin Connector";"";"";"";"";"";"";"";"WM15063-ND";"Molex";"538-105310-1308";"105310-1308";"";"";"";"";"";"";"";
"1";"CONNECTOR-CAN_NF_T_V_BLACK";"CONNECTOR-CAN_NF_T_V_BLACK";"MOLEX_NANOFIT_PTH_04";"AUX_CAN";"HyTech CAN Connector";"";"";"";"";"";"";"";"900-1054291304TR-ND";"Molex";"538-105429-1304";"105429-1304";"";"";"";"";"";"";"";
"2";"FUSE_HOLDER_MINIBLADEPTH";"FUSE_HOLDER_MINIBLADEPTH";"3568";"XF1, XF2";"Fuse Holder";"";"";"";"";"";"";"";"36-3568-ND";"Keystone";"534-3568";"3568";"";"";"";"";"";"";"";
"2";"JUMPER_0603_";"JUMPER_0603_";"0603-RES";"E_SELECT, F_SELECT";"2 Pin Connector";"";"";"";"";"";"";"";"13-RC0603FR-130RLTR-ND";"YAGEO";"603-RC0603FR-130RL";"RC0603FR-130RL";"";"";"";"";"";"";"";
"2";"JUMPER__1X02";"JUMPER__1X02";"1X02";"4.1_ONLY, CAN_TERM";"2 Pin Connector";"";"";"";"";"";"";"";"WM23656-ND";"Molex";"538-90120-1082";"90120-1082 ";"";"";"";"";"";"";"";
"1";"LED_0603_BLUE";"LED_0603_BLUE";"0603-LED";"5V_PWR";"LED";"";"";"";"";"";"Blue";"";"754-1789-1-ND";"Kingbright";"604-APT1608VBC/D";"APT1608VBC/D";"";"";"";"";"";"";"";
"2";"LED_0603_GREEN";"LED_0603_GREEN";"0603-LED";"BMS_OK, CCU_OK";"LED";"";"";"";"";"";"Green";"";"754-1790-1-ND";"Kingbright";"604-APT1608ZGCK";"APT1608ZGCK";"";"";"";"";"";"";"";
"5";"LED_0603_ORANGE";"LED_0603_ORANGE";"0603-LED";"SHDN_B, SHDN_C, SHDN_D, SHDN_E, SHDN_F";"LED";"";"";"";"";"";"Orange";"";"754-1120-1-ND";"Kingbright";"604-APT1608SECK";"APT1608SECK";"";"";"";"";"";"";"";
"3";"LED_0603_RED";"LED_0603_RED";"0603-LED";"D3, STATUS_4.1, STATUS_4.2";"LED";"";"";"";"";"";"Red";"";"754-1786-1-ND";"Kingbright";"604-APT1608SECKJ3PRV";"APT1608SECK/J3-PRV";"";"";"";"";"";"";"";
"1";"LED_0603_WHITE";"LED_0603_WHITE";"0603-LED";"LATCH";"LED";"";"";"";"";"";"White";"";"SM0603UWC-ND";"Bivar Inc.";"749-SM0603UWC";"SM0603UWC";"";"";"";"";"";"";"";
"1";"LED_0603_YELLOW";"LED_0603_YELLOW";"0603-LED";"OKHS";"LED";"";"";"";"";"";"Yellow";"";"754-1788-1-ND";"Kingbright";"604-APT1608SYCK/J3-PRV";"APT1608SYCK/J3-PRV";"";"";"";"";"";"";"";
"1";"LOGICGATE_BUFFER";"LOGICGATE_BUFFER";"SC-70-5";"U1";"Buffer";"";"";"";"";"";"";"";"296-26604-2-ND";"Texas Instruments";"595-SN74LVC1G34DCKT ";"SN74LVC1G34DCKT";"";"";"";"";"";"";"";
"2";"MCP2562FD";"MCP2562FD";"SOIC-08(NARROW,0.15")";"U100, U101";"MCP2562FD Can Tranciever";"MCP2562-E/SN-ND";"Microchip Technology";"579-MCP2562-E/SN";"MCP2562-E/SN";"";"";"";"MCP2562FD-E/SN-ND";"Microchip Technology";"579-MCP2562FD-E/SN";"MCP2562FD-E/SN";"";"";"";"";"";"";"";
"3";"RELAY_DPDT";"RELAY_DPDT";"RT*2*";"K1, K2, K3";"Dual Pole, Dual Throw Relay";"";"";"";"";"";"";"";"PB2021-ND";"TE Connectivity";"655-6-1393243-2";"RT424009";"";"";"";"";"";"";"";
"2";"RELAY_SOLIDSTATE_NO";"RELAY_SOLIDSTATE_NO";"DIP-4";"U$4, U$100";"AQY214EH Normally Open Solid State Relay";"";"";"";"";"";"";"";"255-1436-5-ND";"AQY214EHA";"769-AQY214EHA";"AQY214EHA";"";"";"";"";"";"";"";
"1";"RESISTOR_0603_100K";"RESISTOR_0603_100K";"0603-RES";"R27";"Resistor";"";"";"";"";"";"";"";"311-100KHRTR-ND";"Yageo";"603-RC0603FR-07100KL ";"RC0603FR-07100KL";"0.1W";"100k";"";"1%";"";"75V";"75V";
"6";"RESISTOR_0603_10K";"RESISTOR_0603_10K";"0603-RES";"R24, R28, R29, R30, R33, R36";"Resistor";"";"";"";"";"";"";"";"311-10.0KHRCT-ND";"Yageo";"603-RC0603FR-0710KL";"RC0603FR-0710KL";"0.1W";"10k";"";"1%";"";"31.62V";"75V";
"7";"RESISTOR_0603_12K";"RESISTOR_0603_12K";"0603-RES";"R10, R11, R12, R13, R14, R15, R16";"Resistor";"";"";"";"";"";"";"";"311-12.0KHRCT-ND";"Yageo";"603-RC0603FR-0712KL";"RC0603FR-0712KL";"0.1W";"12k";"";"1%";"";"34.64V";"75V";
"13";"RESISTOR_0603_1K";"RESISTOR_0603_1K";"0603-RES";"R1, R2, R3, R4, R5, R6, R7, R8, R9, R26, R32, R35, R38";"Resistor";"";"";"";"";"";"";"";"311-1.00KHRCT-ND";"Yageo";"603-RC0603FR-071KL";"RC0603FR-071KL";"0.1W";"1k";"";"1%";"";"10.00V";"75V";
"3";"RESISTOR_0603_22";"RESISTOR_0603_22";"0603-RES";"R25, R34, R37";"Resistor";"";"";"";"";"";"";"";"311-22.0HRCT-ND";"Yageo";"603-RC0603FR-0722RL";"RC0603FR-0722RL";"0.1W";"22";"";"1%";"";"1.48V";"75V";
"2";"RESISTOR_0603_240";"RESISTOR_0603_240";"0603-RES";"R31, R100";"Resistor";"";"";"";"";"";"";"";"311-240HRCT-ND";"Yageo";"603-RC0603FR-07240RL";"RC0603FR-07240RL";"0.1W";"240";"";"1%";"";"4.90V";"75V";
"7";"RESISTOR_0603_33K";"RESISTOR_0603_33K";"0603-RES";"R17, R18, R19, R20, R21, R22, R23";"Resistor";"";"";"";"";"";"";"";"311-33.0KHRTR-ND";"YAGEO";"603-RC0603FR-0733KL";"RC0603FR-0733KL";"0.1W";"33k";"";"1%";"";"57.44V";"75V";
"2";"RESISTOR_0603_60.4";"RESISTOR_0603_60.4";"0603-RES";"R39, R40";"Resistor";"";"";"";"";"";"";"";"311-60.4HRCT-ND";"Yageo";"603-RC0603FR-0760R4L";"RC0603FR-0760R4L";"0.1W";"60.4";"";"1%";"";"2.48V";"75V";
"6";"SCHOTTKY_SOD323_30V";"SCHOTTKY_SOD323_30V";"SOD-323";"D1, D2, D4, D103, D104, D105";"CUS08F30 Shottky Diode";"";"";"";"";"";"";"0.8A";"CUS08F30H3FTR-ND";"Toshiba Semiconductor and Storage";"757-CUS08F30H3F";"CUS08F30";"";"";"";"";"30V";"";"";
"1";"TEENSY_4.0";"TEENSY_4.0";"TEENSY_SHORT";"A2";"Teensy 4.0";"";"";"";"";"";"";"";"";"";"";"";"";"";"4.0";"";"";"";"";
"1";"TEENSY_4.1";"TEENSY_4.1";"TEENSY_LONG_EXT";"A1";"Teensy 4.1 with VBAT";"";"";"";"";"";"";"";"";"";"";"";"";"";"4.1";"";"";"";"";
"13";"TEST_POINT";"TEST_POINT";"5015";"TP1, TP2, TP3, TP4, TP5, TP6, TP7, TP8, TP9, TP10, TP11, TP12, TP13";"Test Point for Probing";"";"";"";"";"";"";"";"36-5015CT-ND";"Keystone Electronics";"534-5015";"5015";"";"";"";"";"";"";"";
"3";"TVS_15V";"TVS_15V";"SOT-23";"D5, D101, D102";"TVS Diode";"";"";"";"";"";"";"";"GSOT15-E3-08CT-ND";"Vishay General Semiconductor - Diodes Division";"78-GSOT15-E3-08";"GSOT15-E3-08";"";"";"";"";"15V";"";"";
"1";"TVS_BIDIRECTIONAL_DUAL";"TVS_BIDIRECTIONAL_DUAL";"SC-70-3";"D100";"Bdirectional TVS for CAN ESD";"";"";"";"";"";"";"";"296-25281-1-ND";"Texas Instruments";"595-TPD2E007DCKR";"TPD2E007DCKR";"";"";"";"";"";"";"";
"1";"VOLTAGE_REGULATOR_SOT-223_5V";"VOLTAGE_REGULATOR_SOT-223_5V";"SOT-223";"U3";"Voltage Regulators";"";"";"";"";"";"";"";"497-17240-1-ND";"STMicroelectronics";"511-LDL1117S50R";"LDL1117S50R";"";"";"";"";"";"";"";
