"Qty";"Value";"Device";"Package";"Parts";"Description";"COLOR";"DKPN";"MANUFACTURER";"MOPN";"MPN";"POWER";"RESISTANCE";"TOLERANCE";"VOLTAGE_CONTINUOUS";"VOLTAGE_MAX";
"1";"CONNECTOR-4_μF_S_RA_";"CONNECTOR-4_μF_S_RA_";"MOLEX_MICROFIT_SMD_RIGHTANGLE_04_DUAL";"J1";"";"";"WM1832CT-ND";"Molex";"538-0430450411";"0430450411";"";"";"";"";"";
"4";"LED_RGBW_IN-505FCHWV";"LED_RGBW_IN-505FCHWV";"IN-505FCHWV";"D1, D2, D3, D4";"Inolux IN-505FCHWV RGBW LED";"RGBW";"1830-1097-2-ND";"INOLUX";"743-IN-505FCHWV";"IN-505FCHWV";"";"";"";"";"";
"2";"MOUNTING_HEATSINK_M3";"MOUNTING_HEATSINK_M3";"MOUNTING_M3";"H1, H2";"M3 Mounting Hole";"";"";"";"";"";"";"";"";"";"";
"1";"RESISTOR_0603_5.1";"RESISTOR_0603_5.1";"0603-RES";"R3";"Resistor";"";"P16039TR-ND";"Panasonic Electronic Components";"667-ERJ-P03J5R1V";"ERJ-P03J5R1V";"0.25W";"5.1";"1%";"1.13V";"150V";
"2";"RESISTOR_0805_56";"RESISTOR_0805_56";"0805-RES";"R1, R2";"Resistor";"";"P16053TR-ND";"Panasonic Electronic Components";"667-ERJ-P06D56R0V";"ERJ-P06D56R0V";"0.5W";"56";"5%";"5.29V";"400V";
