"Qty";"Value";"Device";"Package";"Parts";"Description";"CAPACITANCE";"COLOR";"CURRENT";"CURRENT_RATED";"CURRENT_SATURATION";"DCR";"DKPN";"INDUCTANCE";"MANUFACTURER";"MOPN";"MPN";"POWER";"RESISTANCE";"TOLERANCE";"VOLTAGE";"VOLTAGE_CONTINUOUS";"VOLTAGE_MAX";
"5";"CAPACITOR_0603_10V_0.1UF";"CAPACITOR_0603_10V_0.1UF";"0603-CAP";"C23, C102, C105, C106, C108";"Capacitor, Non-Polarized";"0.1µF";"";"";"";"";"";"720-1688-1-ND";"";"Vishay Vitramon";"77-VJ0603Y104JXQPBC";"VJ0603Y104JXQPW1BC";"";"";"5%";"10V";"";"";
"3";"CAPACITOR_0603_10V_10NF";"CAPACITOR_0603_10V_10NF";"0603-CAP";"C7, C15, C16";"Capacitor, Non-Polarized";"10nF";"";"";"";"";"";"311-4054-1-ND";"";"Yageo";"603-CC603KRX7R6BB103";"CC0603KRX7R6BB103";"";"";"10%";"10V";"";"";
"8";"CAPACITOR_0603_10V_1UF";"CAPACITOR_0603_10V_1UF";"0603-CAP";"C17, C18, C19, C20, C21, C22, C103, C107";"Capacitor, Non-Polarized";"1µF";"";"";"";"";"";"311-1796-1-ND";"";"Yageo";"603-CC603KRX7R6BB105";"CC0603KRX7R6BB105";"";"";"10%";"10V";"";"";
"1";"CAPACITOR_0603_10V_4.7UF";"CAPACITOR_0603_10V_4.7UF";"0603-CAP";"C101";"Capacitor, Non-Polarized";"4.7µF";"";"";"";"";"";"1276-1044-1-ND";"";"Samsung Electro-Mechanics";"187-CL10A475KP8NNNC";"CL10A475KP8NNNC";"";"";"10%";"10V";"";"";
"2";"CAPACITOR_0603_25V_0.1UF";"CAPACITOR_0603_25V_0.1UF";"0603-CAP";"C14, C100";"Capacitor, Non-Polarized";"0.1µF";"";"";"";"";"";"1276-1006-1-ND";"";"Samsung Electro-Mechanics";"187-CL10B104KA8NNNC";"CL10B104KA8NNNC";"";"";"10%";"25V";"";"";
"1";"CAPACITOR_0603_25V_10UF";"CAPACITOR_0603_25V_10UF";"0603-CAP";"C110";"Capacitor, Non-Polarized";"10µF";"";"";"";"";"";"490-7202-1-ND";"";"Murata Electronics";"81-GRM188R61E106MA3D";"GRM188R61E106MA73D";"";"";"20%";"25V";"";"";
"3";"CAPACITOR_0603_25V_1UF";"CAPACITOR_0603_25V_1UF";"0603-CAP";"C13, C104, C111";"Capacitor, Non-Polarized";"1µF";"";"";"";"";"";"1276-1184-1-ND";"";"Samsung Electro-Mechanics";"187-CL10B105KA8NNNC";"CL10B105KA8NNNC";"";"";"10%";"25V";"";"";
"1";"CAPACITOR_0603_35V_0.1UF";"CAPACITOR_0603_35V_0.1UF";"0603-CAP";"C112";"Capacitor, Non-Polarized";"0.1µF";"";"";"";"";"";"587-3354-1-ND";"";"Taiyo Yuden";"963-GMK107B7104KAHT";"GMK107B7104KAHT";"";"";"10%";"35V";"";"";
"1";"CAPACITOR_0805_25V_22UF";"CAPACITOR_0805_25V_22UF";"0805-CAP";"C12";"Capacitor, Non-Polarized";"22µF";"";"";"";"";"";"311-1903-1-ND";"";"Yageo";"603-CC805MKX5R8BB226";"CC0805MKX5R8BB226";"";"";"20%";"25V";"";"";
"2";"CAPACITOR_1206_250V_0.1UF";"CAPACITOR_1206_250V_0.1UF";"1206-CAP";"C4, C11";"Capacitor, Non-Polarized";"0.1uF";"";"";"";"";"";"445-6079-2-ND";"";"TDK Corporation";"810-C3216X7R2E104KT5";"C3216X7R2E104K160AM";"";"";"10%";"250V";"";"";
"3";"CAPACITOR_2220_250V_1UF";"CAPACITOR_2220_250V_1UF";"2220-CAP";"C5, C8, C109";"Capacitor, Non-Polarized";"1µF";"";"";"";"";"";"445-2304-2-ND";"";"TDK Corporation";"810-C5750X7R2E105K";"C5750X7R2E105K230KA";"";"";"10%";"250V";"";"";
"2";"CAPACITOR_2220_630V_0.1UF";"CAPACITOR_2220_630V_0.1UF";"2220-CAP";"C2, C10";"Capacitor, Non-Polarized";"0.1uF";"";"";"";"";"";"445-11980-2-ND";"";"TDK Coporation";"810-C5750CH2J104K2KC";"C5750CH2J104K280KC";"";"";"10%";"630V";"";"";
"3";"CAPACITOR_2220_630V_1UF";"CAPACITOR_2220_630V_1UF";"2220-CAP";"C3, C6, C9";"Capacitor, Non-Polarized";"1µF";"";"";"";"";"";"1608-2220Y6300105KXTWS2CT-ND";"";"Knowles Syfer";"843-2220Y63105KXTWS2";"2220Y6300105KXTWS2";"";"";"10%";"630V";"";"";
"1";"CAPACITOR_POLAR__3600UF";"CAPACITOR_POLAR__3600UF";"EKYC*MM";"C1";"";"3600uF";"";"";"";"";"";"  565-EKYC250ELL362ML20S-ND";"";"United Chemi-con";"661-YC250ELL362ML20S";"EKYC250ELL362ML20S";"";"";"";"25V";"";"";
"1";"CONNECTOR-4__";"CONNECTOR-4__";"MOLEX_MICROFIT_PTH_VERTICAL_04_DUAL";"J1";"";"";"";"";"";"";"";"";"";"Molex";"";"2068320423";"";"";"";"";"";"";
"1";"CONNECTOR-5_MICRO_V6S_";"CONNECTOR-5_MICRO_V6S_";"MOLEX_MICROFIT_PTH_VERTICAL_06_SINGLE_SPACED";"J2";"";"";"";"";"";"";"";"";"";"Molex";"";"2165713006";"";"";"";"";"";"";
"1";"CONNECTOR-5_MICRO_V7S_";"CONNECTOR-5_MICRO_V7S_";"MOLEX_MICROFIT_PTH_VERTICAL_07_SINGLE_SPACED";"J3";"";"";"";"";"";"";"";"";"";"Molex";"";"2165713007";"";"";"";"";"";"";
"1";"CONNECTOR-8_S_S";"CONNECTOR-8_S_S";"FLEX_STACK_PTH_08_DUAL";"J4";"8 Pin Connector";"";"";"";"";"";"";"S7107-ND";"";"Sullins Connector Solutions";"";"PPPC042LFBN-RC";"";"";"";"";"";"";
"1";"DCM4623TD2J13D0T70";"DCM4623TD2J13D0T70";"DCM4623";"U103";"400W 300V to 12V step-down DC-DC converter";"";"";"";"";"";"";"1102-DCM4623TD2J13D0T70-ND";"";"Vicor";"492-DCM4623D2J13D0T7";"DCM4623TD2J13D0T70";"";"";"";"";"";"";
"2";"FUSE_0885_1.25";"FUSE_0885_1.25";"0885";"F1, F2";"Fuse";"";"";"1.25A";"";"";"";"F10986CT-ND";"";"Littelfuse Inc.";"576-08851.25DR";"08851.25DR";"";"";"";"500V";"";"";
"1";"FUSE_HOLDER_MINIBLADEPTH";"FUSE_HOLDER_MINIBLADEPTH";"3568";"XF1";"Fuse Holder";"";"";"";"";"";"";"36-3568-ND";"";"Keystone";"534-3568";"3568";"";"";"";"";"";"";
"1";"INDUCTOR_PA4334_3.6UH";"INDUCTOR_PA4334_3.6UH";"PA4334";"L1";"Inductor";"";"";"";"1.6A";"1A";"0.13Ω";"553-3508-2-ND";"3.6µH";"Pulse Electonics Company";"673-PA4334362NLT";"PA4334.362NLT";"";"";"";"";"";"";
"1";"INDUCTOR_SRU1048_330UH";"INDUCTOR_SRU1048_330UH";"SRU1048";"L3";"Inductor";"";"";"";"0.65A";"0.52A";"0.640Ω";"SRU1048-331YTR-ND";"330µH";"Bourns Inc.";"652-SRU1048-331Y";"SRU1048-331Y";"";"";"30%";"";"";"";
"1";"INDUCTOR_WELMHI_56UH";"INDUCTOR_WELMHI_56UH";"WE-LMHI";"L2";"Inductor";"";"";"";"1.4A";"2A";"342mΩ";"732-11454-2-ND";"56µH";"Wurth Elektronik";"710-74437349560";"74437349560";"";"";"20%";"";"";"";
"2";"ISO224B_AIRGAP";"ISO224B_AIRGAP";"SOIC-08(WIDE,0.295")-AIRGAP";"U2, U3";"ISO224*: Isolated precision amplifier";"";"";"";"";"";"";"296-52316-1-ND";"";"Texas Instruments";"595-ISO224BDWVR";"ISO224BDWVR";"";"";"";"";"";"";
"4";"LED_0603_BLUE";"LED_0603_BLUE";"0603-LED";"D1, D4, D6, D9";"LED";"";"Blue";"";"";"";"";"754-1789-1-ND";"";"Kingbright";"604-APT1608VBC/D";"APT1608VBC/D";"";"";"";"";"";"";
"1";"LED_0603_GREEN";"LED_0603_GREEN";"0603-LED";"D10";"LED";"";"Green";"";"";"";"";"754-1790-1-ND";"";"Kingbright";"604-APT1608ZGCK";"APT1608ZGCK";"";"";"";"";"";"";
"1";"LED_0603_ORANGE";"LED_0603_ORANGE";"0603-LED";"D11";"LED";"";"Orange";"";"";"";"";"754-1120-1-ND";"";"Kingbright";"604-APT1608SECK";"APT1608SECK";"";"";"";"";"";"";
"1";"LED_0603_RED";"LED_0603_RED";"0603-LED";"D2";"LED";"";"Red";"";"";"";"";"754-1786-1-ND";"";"Kingbright";"604-APT1608SECKJ3PRV";"APT1608SECK/J3-PRV";"";"";"";"";"";"";
"1";"LED_0603_WHITE";"LED_0603_WHITE";"0603-LED";"D7";"LED";"";"White";"";"";"";"";"SM0603UWC-ND";"";"Bivar Inc.";"749-SM0603UWC";"SM0603UWC";"";"";"";"";"";"";
"1";"LED_0603_YELLOW";"LED_0603_YELLOW";"0603-LED";"D8";"LED";"";"Yellow";"";"";"";"";"754-1788-1-ND";"";"Kingbright";"604-APT1608SYCK/J3-PRV";"APT1608SYCK/J3-PRV";"";"";"";"";"";"";
"1";"LTC3639";"LTC3639";"MSE16(12)";"U1";"LTC3639";"";"";"";"";"";"";"LTC3639EMSE#TRPBFTR-ND";"";"Analog Devices Inc.";"584-LTC3639EMSETRPBF";"LTC3639EMSE#TRPBF ";"";"";"";"";"";"";
"2";"LTC6994-2";"LTC6994-2";"SOT-23-6";"U100, U101";"Analog Devices Inc Delay IC";"";"";"";"";"";"";"";"";"";"";"";"";"";"";"";"";"";
"1";"RECTIFIER_400V_SOD123";"RECTIFIER_400V_SOD123";"SOD123F";"D102";"";"";"";"1A";"";"";"";"US1GWF-7DITR-ND";"";"Diodes Incorporated";"621-US1GWF-7";"US1GWF-7";"";"";"";"400V";"";"";
"1";"RELAY_SOLIDSTATE_NC_AG";"RELAY_SOLIDSTATE_NC_AG";"DIP-4_AIRGAP";"K100";"Normally Closed Solid-State Relay";"";"";"";"";"";"";"255-2897-ND";"";"Panasonic Industrial Devices";"769-AQY414EHA";"AQY414EHA";"";"";"";"";"";"";
"1";"RELAY_SOLIDSTATE_NO_AG";"RELAY_SOLIDSTATE_NO_AG";"DIP-4_AIRGAP";"K3";"Normally Open Solid-State Relay";"";"";"";"";"";"";"255-1436-5-ND";"";"Panasonic Inustrial Devices";"769-AQY214EHA";"AQY214EHA";"";"";"";"";"";"";
"1";"RELAY_SPST_NC_POLARIZED_3550_12";"RELAY_SPST_NC_POLARIZED_3550_12";"335X";"K2";"Single Pole, Single Throw Normally Closed Polarized Relay";"";"";"";"";"";"";"1835-1040-ND";"";"Comus International";"";"3350-4275-126";"";"";"";"";"";"";
"1";"RELAY_SPST_NO_3550_12";"RELAY_SPST_NO_3550_12";"335X";"K1";"Single Pole, Single Throw Relay Normally Open";"";"";"";"";"";"";"1835-1037-ND";"";"Comus International";"";"3350-1275-126";"";"";"";"";"";"";
"1";"RESISTOR_0603_1.62";"RESISTOR_0603_1.62";"0603-RES";"R3";"Resistor";"";"";"";"";"";"";"1712-CPF0603B1R62E1TR-ND";"";"TE Conductivity Passive Product";"279-CPF0603B1R62E1";"CPF0603B1R62E1";"0.1W";"1.62";"0.1%";"";"0.51V";"50V";
"1";"RESISTOR_0603_10";"RESISTOR_0603_10";"0603-RES";"R24";"Resistor";"";"";"";"";"";"";"311-10.0HRCT-ND";"";"Yageo";"603-RC0603FR-0710RL";"RC0603FR-0710RL";"0.1W";"10";"1%";"";"1.00V";"75V";
"2";"RESISTOR_0603_10K";"RESISTOR_0603_10K";"0603-RES";"R5, R23";"Resistor";"";"";"";"";"";"";"311-10.0KHRCT-ND";"";"Yageo";"603-RC0603FR-0710KL";"RC0603FR-0710KL";"0.1W";"10k";"1%";"";"31.62V";"75V";
"1";"RESISTOR_0603_13.3K";"RESISTOR_0603_13.3K";"0603-RES";"R109";"Resistor";"";"";"";"";"";"";"P20099TR-ND";"";"Panasonic Electronic Components";"667-ERJ-PB3B1332V";"ERJ-PB3B1332V";"0.2W";"13.3k";"0.1%";"";"";"75k";
"1";"RESISTOR_0603_180";"RESISTOR_0603_180";"0603-RES";"R9";"Resistor";"";"";"";"";"";"";"311-180HRCT-ND";"";"Yageo";"603-RC0603FR-07180RL";"RC0603FR-07180RL";"0.1W";"180";"1%";"";"4.24V";"75V";
"11";"RESISTOR_0603_1K";"RESISTOR_0603_1K";"0603-RES";"R1, R4, R6, R25, R26, R27, R28, R29, R30, R31, R106";"Resistor";"";"";"";"";"";"";"311-1.00KHRCT-ND";"";"Yageo";"603-RC0603FR-071KL";"RC0603FR-071KL";"0.1W";"1k";"1%";"";"10.00V";"75V";
"1";"RESISTOR_0603_3.32K";"RESISTOR_0603_3.32K";"0603-RES";"R113";"Resistor";"";"";"";"";"";"";"YAG1651TR-ND";"";"Yageo";"603-RT0603BRD073K32L";"RT0603BRD073K32L";"0.1W";"3.32k";"0.1%";"";"18.22V";"75V";
"2";"RESISTOR_0603_33.2K";"RESISTOR_0603_33.2K";"0603-RES";"R20, R21";"Resistor";"";"";"";"";"";"";"P20144TR-ND";"";"Panasonic Electronic Components";"667-ERJ-PB3B3322V";"ERJ-PB3B3322V";"0.1W";"33.2k";"0.1%";"";"57.61V";"75V";
"2";"RESISTOR_0603_360K";"RESISTOR_0603_360K";"0603-RES";"R14, R15";"Resistor";"";"";"";"";"";"";"RHM360KAYTR-ND";"";"Rohm Semiconductor";"755-KTR03EZPF3603";"KTR03EZPF3603";"0.1W";"360k";"1%";"";"189.74V";"350V";
"2";"RESISTOR_0603_39";"RESISTOR_0603_39";"0603-RES";"R2, R22";"Resistor";"";"";"";"";"";"";"13-RT0603BRD0739RLTR-ND";"";"Yageo";"603-RT0603BRD0739RL";"RT0603BRD0739RL";"0.1W";"39";"1%";"";"";"75V";
"3";"RESISTOR_0603_75K";"RESISTOR_0603_75K";"0603-RES";"R101, R104, R107";"Resistor";"";"";"";"";"";"";"RT0603BRE0775KL-ND";"";"Yageo";"603-RT0603BRE0775KL";"RT0603BRE0775KL";"0.1W";"75k";"0.1%";"";"75V";"75V";
"1";"RESISTOR_0603_8.35K";"RESISTOR_0603_8.35K";"0603-RES";"R108";"Resistor";"";"";"";"";"";"";"764-1461-2-ND";"";"Vishay Dale Thin Film";"71-PTN0603E8351BST1";"PTN0603E8351BST1";"0.15W";"8.35k";"0.1%";"";"28.90V";"75V";
"1";"RESISTOR_0603_DNP";"RESISTOR_0603_DNP";"0603-RES";"R111";"Resistor";"";"";"";"";"";"";"";"";"";"";"";"";"DNP";"";"";"";"";
"2";"RESISTOR_0603_HV750K";"RESISTOR_0603_HV750K";"0603-RES";"R11, R12";"Resistor";"";"";"";"";"";"";"RHM75KAYTR-ND";"";"Rohm";"755-KTR03EZPF7502";"KTR03EZPF7502";"0.1W";"750k";"1%";"";"";"350V";
"4";"RESISTOR_0603_HV75K";"RESISTOR_0603_HV75K";"0603-RES";"R16, R17, R18, R19";"Resistor";"";"";"";"";"";"";"RHM750KAYTR-ND";"";"Rohm";"755-KTR03EZPF7503";"KTR03EZPF7503";"0.1W";"75k";"1%";"";"";"350V";
"2";"RESISTOR_0805_1M";"RESISTOR_0805_1M";"0805-RES";"R100, R103";"Resistor";"";"";"";"";"";"";"P20936TR-ND";"";"Panasonic Electronic Components";"667-ERJ-PB6B1004V";"ERJ-PB6B1004V";"0.25W";"1M";"0.1%";"";"150V";"150V";
"2";"RESISTOR_0805_523K";"RESISTOR_0805_523K";"0805-RES";"R102, R105";"Resistor";"";"";"";"";"";"";"P20904TR-ND";"";"Panasonic Electronic Components";"667-ERJ-PB6B5233V";"ERJ-PB6B5233V";"0.25W";"523k";"0.1%";"";"150V";"150V";
"1";"RESISTOR_0805_976K";"RESISTOR_0805_976K";"0805-RES";"R110";"Resistor";"";"";"";"";"";"";"P20935TR-ND";"";"Panasonic Electronic Components";"667-ERJ-PB6B9763V";"  ERJ-PB6B9763V";"0.25W";"976k";"0.1%";"";"150V";"150V";
"1";"RESISTOR_0805_HV365K";"RESISTOR_0805_HV365K";"0805-RES";"R112";"Resistor";"";"";"";"";"";"";"RHM365KAHTR-ND ";"";"Rohm";"755-KTR10EZPF3653";"KTR10EZPF3653";"0.125W";"365k";"1%";"";"213V";"350V";
"3";"RESISTOR_B20_10K";"RESISTOR_B20_10K";"B20";"R7, R8, R13";"Resistor";"";"";"";"";"";"";"B20J10KE-ND";"";"Ohmite";"588-B20J10KE";"B20J10KE";"20W";"10k";"5%";"";"447V";"750V";
"1";"RESISTOR_B20_750";"RESISTOR_B20_750";"B20";"R10";"Resistor";"";"";"";"";"";"";"B20J750E-ND";"";"Ohmite";"588-B20J750E";"B20J750E";"20W";"750";"5%";"";"122V";"750V";
"3";"SCHOTTKY_SOD323_30V";"SCHOTTKY_SOD323_30V";"SOD-323";"D3, D100, D101";"CUS08F30 Shottky Diode";"";"";"0.8A";"";"";"";"CUS08F30H3FTR-ND";"";"Toshiba Semiconductor and Storage";"757-CUS08F30H3F";"CUS08F30";"";"";"";"30V";"";"";
"22";"TEST_POINT";"TEST_POINT";"MICRO_MINIATURE";"TP1, TP2, TP3, TP4, TP5, TP6, TP7, TP8, TP9, TP10, TP11, TP12, TP13, TP14, TP15, TP16, TP17, TP18, TP19, TP20, TP21, TP22";"Test Point";"";"";"";"";"";"";"36-5015CT-ND";"";"Keystone Electronics";"534-5015";"5015";"";"";"";"";"";"";
"1";"TRANSISTOR_N_MOS__PMV15ENEA";"TRANSISTOR_N_MOS__PMV15ENEA";"SOT-23";"Q1";"N-MOSFET";"";"";"";"";"";"";"1727-8588-1-ND";"";"Nexperia USA Inc.";"771-PMV15ENEAR";"PMV15ENEAR";"";"";"";"";"";"";
"1";"TVS_8V";"TVS_8V";"SOT-23";"D5";"TVS Diode";"";"";"";"";"";"";"GSOT08-E3-08TR-ND";"";"Vishay General Semiconductor - Diodes Division";"78-GSOT08-E3-08";"GSOT08-E3-08";"";"";"";"8V";"";"";
"1";"VOLTAGE_REGULATOR_ADJ_LR8_DPAK";"VOLTAGE_REGULATOR_ADJ_LR8_DPAK";"DPAK(2-7K1S)";"U102";"Adjustable voltage regulators.";"";"";"";"";"";"";"LR8K4-GTR-ND";"";"Microchip Technology";"689-LR8K4-G";"LR8K4-G";"";"";"";"";"";"";
"1";"VOLTAGE_REGULATOR_SOT223_5V";"VOLTAGE_REGULATOR_SOT223_5V";"SOT223";"U4";"Voltage Regulators";"";"";"";"";"";"";"497-17240-1-ND";"";"STMicroelectronics";"511-LDL1117S50R";"LDL1117S50R";"";"";"";"";"";"";
