"Qty";"Value";"Device";"Package";"Parts";"Description";"CAPACITANCE";"COLOR";"CURRENT";"DKPN";"ESR";"FUSE_TYPE";"MANUFACTURER";"MOPN";"MPN";"POWER";"RESISTANCE";"TOLERANCE";"VOLTAGE";"VOLTAGE_CONTINUOUS";"VOLTAGE_MAX";
"1";"CAPACITOR_0603_10V_1UF";"CAPACITOR_0603_10V_1UF";"0603-CAP";"C11";"Capacitor, Non-Polarized";"1µF";"";"";"311-1796-1-ND";"";"";"Yageo";"603-CC603KRX7R6BB105";"CC0603KRX7R6BB105";"";"";"10%";"10V";"";"";
"1";"CAPACITOR_0603_10V_680PF";"CAPACITOR_0603_10V_680PF";"0603-CAP";"C9";"Capacitor, Non-Polarized";"680pF";"";"";"732-7757-1-ND";"";"";"Würth Elektronik";"710-885012006013";"885012006013";"";"";"5%";"10V";"";"";
"2";"CAPACITOR_0603_10V_68NF";"CAPACITOR_0603_10V_68NF";"0603-CAP";"C8, C13";"Capacitor, Non-Polarized";"68nF";"";"";"399-C0603C683K8RAC7867CT-ND";"";"";"KEMET";"80-C0603C683K8R";"C0603C683K8RACTU";"";"";"10%";"10V";"";"";
"1";"CAPACITOR_0603_25V_0.1UF";"CAPACITOR_0603_25V_0.1UF";"0603-CAP";"C10";"Capacitor, Non-Polarized";"0.1µF";"";"";"1276-1006-1-ND";"";"";"Samsung Electro-Mechanics";"187-CL10B104KA8NNNC";"CL10B104KA8NNNC";"";"";"10%";"25V";"";"";
"3";"CAPACITOR_0603_25V_10UF";"CAPACITOR_0603_25V_10UF";"0603-CAP";"C2, C4, C7";"Capacitor, Non-Polarized";"10µF";"";"";"490-7202-1-ND";"";"";"Murata Electronics";"81-GRM188R61E106MA3D";"GRM188R61E106MA73D";"";"";"20%";"25V";"";"";
"1";"CAPACITOR_0603_25V_1UF";"CAPACITOR_0603_25V_1UF";"0603-CAP";"C3";"Capacitor, Non-Polarized";"1µF";"";"";"1276-1184-1-ND";"";"";"Samsung Electro-Mechanics";"187-CL10B105KA8NNNC";"CL10B105KA8NNNC";"";"";"10%";"25V";"";"";
"2";"CAPACITOR_0603_25V_47NF";"CAPACITOR_0603_25V_47NF";"0603-CAP";"C5, C6";"Capacitor, Non-Polarized";"47nF";"";"";"478-6340-1-ND";"";"";"Kyocera AVX";"581-06033C473K42ZA";"06033C473K4Z2A";"";"";"10%";"25V";"";"";
"1";"CAPACITOR_0603_35V_1UF";"CAPACITOR_0603_35V_1UF";"0603-CAP";"C12";"Capacitor, Non-Polarized";"1µF";"";"";"445-173625-1-ND";"";"";"TDK Corporation";"810-C1608X7R1V105KAE";"C1608X7R1V105K080AE";"";"";"10%";"35V";"";"";
"1";"CONNECTOR-3_8STA20435PN";"CONNECTOR-3_8STA20435PN";"SOURIAU_04-35";"J2";"";"";"";"";"";"";"";"Souriau";"";"8STA20435PN";"";"";"";"";"";"";
"2";"CONNECTOR-4_SOURIAU_";"CONNECTOR-4_SOURIAU_";"SOURIAU_12-04";"J1, J3";"";"";"";"";"";"";"";"Souriau";"";"8STA21204PN";"";"";"";"";"";"";
"1";"EEUFP1E681";"EEUFP1E681";"EEUFP1E*";"C1";"EEUFP1E Aluminum Electrolytic Capacitor";"680uF";"";"";"P123947-ND";"0.068";"";"Panasonic Electronic Components";"667-EEU-FP1E681";"EEU-FP1E681";"";"";"20%";"25V";"";"";
"4";"FUSE_HOLDER_MINIBLADEPTH";"FUSE_HOLDER_MINIBLADEPTH";"3568";"XF1, XF2, XF3, XF4";"Fuse Holder";"";"";"";"36-3568-ND";"";"MINI 297";"Keystone";"534-3568";"3568";"";"";"";"";"";"";
"1";"INTVDD";"TEST_POINT";"5015";"TP3";"Test Point for Probing";"";"";"";"36-5015CT-ND";"";"";"Keystone Electronics";"534-5015";"5015";"";"";"";"";"";"";
"3";"LED_0603_BLUE";"LED_0603_BLUE";"0603-LED";"D7, D8, D17";"LED";"";"Blue";"";"754-1789-1-ND";"";"";"Kingbright";"604-APT1608VBC/D";"APT1608VBC/D";"";"";"";"";"";"";
"1";"LTC4421";"LTC4421";"SSOP-36";"U1";"LTC4421 Dual Supply Prioritizer";"";"";"";"161-LTC4421CG#PBF-ND";"";"";"Analog Devices Inc.";"584-LTC4421CG#PBF";"LTC4421CG#PBF";"";"";"";"";"";"";
"1";"RELAY_SOLIDSTATE_NO_CMX60D20";"RELAY_SOLIDSTATE_NO_CMX60D20";"CRYDOM_CMX";"K1";"Solid State Normally Open Relay";"";"";"";"CC1666-ND";"";"";"Crydom";"558-CMX60D20";"CMX60D20";"";"";"";"";"";"";
"5";"RESISTOR_0603_10K";"RESISTOR_0603_10K";"0603-RES";"R1, R2, R3, R14, R22";"Resistor";"";"";"";"311-10.0KHRCT-ND";"";"";"Yageo";"603-RC0603FR-0710KL";"RC0603FR-0710KL";"0.1W";"10k";"1%";"";"31.62V";"75V";
"1";"RESISTOR_0603_12.4K";"RESISTOR_0603_12.4K";"0603-RES";"R7";"Resistor";"";"";"";"P20096CT-ND";"";"";"Panasonic Electronic Components";"667-ERJ-PB3B1242V";"ERJ-PB3B1242V";"0.2W";"12.4k";"0.1%";"";"49.8V";"150V";
"2";"RESISTOR_0603_1K";"RESISTOR_0603_1K";"0603-RES";"R12, R13";"Resistor";"";"";"";"311-1.00KHRCT-ND";"";"";"Yageo";"603-RC0603FR-071KL";"RC0603FR-071KL";"0.1W";"1k";"1%";"";"10.00V";"75V";
"1";"RESISTOR_0603_30.9K";"RESISTOR_0603_30.9K";"0603-RES";"R17";"Resistor";"";"";"";"P20140CT-ND";"";"";"Panasonic Electronic Components";"667-ERJ-PB3B3092V";"ERJ-PB3B3092V";"0.25W";"30.9k";"0.1%";"";"150V";"200V";
"2";"RESISTOR_0805_0.62";"RESISTOR_0805_0.62";"0805-RES";"R6, R8";"Resistor";"";"";"";"311-.62SCT-ND";"";"";"Yageo";"603-RL0805FR-070R62L";"RL0805FR-070R62L";"0.125W";"0.62";"1%";"";"0.28V";"0.70V";
"1";"RESISTOR_0805_14.3K";"RESISTOR_0805_14.3K";"0805-RES";"R10";"Resistor";"";"";"";"P14.3KCCT-ND";"";"";"Panasonic Electronic Components";"667-ERJ-6ENF1432V";"ERJ-6ENF1432V";"0.125W";"14.3k";"1%";"";"150V";"200V";
"1";"RESISTOR_0805_19.1K";"RESISTOR_0805_19.1K";"0805-RES";"R16";"Resistor";"";"";"";"P19.1KCCT-ND";"";"";"Panasonic Electronic Components";"667-ERJ-6ENF1912V";"ERJ-6ENF1912V";"0.125W";"19.1k";"0.1%";"";"150V";"200V";
"1";"RESISTOR_0805_31.6K";"RESISTOR_0805_31.6K";"0805-RES";"R11";"Resistor";"";"";"";"541-31.6KSCT-ND";"";"";"Vishay Dale";"71-CRCW060331K6FKEAH";"CRCW060331K6FKEAHP";"0.33W";"31.6k";"1%";"";"150V";"200V";
"1";"RESISTOR_0805_931K";"RESISTOR_0805_931K";"0805-RES";"R15";"Resistor";"";"";"";"P20933CT-ND";"";"";"Panasonic Electronic Components";"667-ERJ-PB6B9313V";"ERJ-PB6B9313V";"0.25W";"931k";"0.1%";"";"150V";"200V";
"1";"RESISTOR_0805_953K";"RESISTOR_0805_953K";"0805-RES";"R9";"Resistor";"";"";"";"P953KCCT-ND ";"";"";"Panasonic Electronic Components";"667-ERJ-6ENF9533V";"ERJ-6ENF9533V";"0.125W";"953k";"1%";"";"150V";"200V";
"2";"RESISTOR_SENSE__WSL40262L000FEB";"RESISTOR_SENSE__WSL40262L000FEB";"4026";"R4, R5";"Vishay Dale Current Sense Resistor";"";"";"";"WSLR-.002CT-ND";"";"";"Vishay Dale";"71-WSL40262L000FEB";"WSL40262L000FEB";"3W";"2.0mΩ";"1%";"0.077V";"";"";
"2";"SCHOTTKY_SOD323_30V";"SCHOTTKY_SOD323_30V";"SOD-323";"D2, D3";"CUS08F30 Shottky Diode";"";"";"0.8A";"CUS08F30H3FTR-ND";"";"";"Toshiba Semiconductor and Storage";"757-CUS08F30H3F";"CUS08F30";"";"";"";"30V";"";"";
"10";"TEST_POINT";"TEST_POINT";"5015";"TP1, TP2, TP4, TP5, TP6, TP7, TP9, TP10, TP11, TP12";"Test Point for Probing";"";"";"";"36-5015CT-ND";"";"";"Keystone Electronics";"534-5015";"5015";"";"";"";"";"";"";
"4";"TRANSISTOR_N_MOS_2-7K1S_TK100S04N1LLQ";"TRANSISTOR_N_MOS_2-7K1S_TK100S04N1LLQ";"DPAK(2-7K1S)";"Q1, Q2, Q3, Q4";"N-MOSFET";"";"";"";"TK100S04N1LLQCT-ND";"";"";"Toshiba Semiconductor and Storage";"757-TK100S04N1LLQ";"TK100S04N1L,LQ";"";"";"";"";"";"";
"3";"TVS_15V";"TVS_15V";"SOT-23";"D4, D5, D6";"TVS Diode";"";"";"";"GSOT15-E3-08CT-ND";"";"";"Vishay General Semiconductor - Diodes Division";"78-GSOT15-E3-08";"GSOT15-E3-08";"";"";"";"15V";"";"";
