"Qty";"Value";"Device";"Package";"Parts";"Description";"CAPACITANCE";"COLOR";"DKPN";"MANUFACTURER";"MOPN";"MPN";"POWER";"RESISTANCE";"TOLERANCE";"VOLTAGE";"VOLTAGE_CONTINUOUS";"VOLTAGE_MAX";
"1";"CAPACITOR_0603_10V_0.1UF";"CAPACITOR_0603_10V_0.1UF";"0603-CAP";"C1";"Capacitor, Non-Polarized";"0.1µF";"";"720-1688-1-ND";"Vishay Vitramon";"77-VJ0603Y104JXQPBC";"VJ0603Y104JXQPW1BC";"";"";"5%";"10V";"";"";
"1";"CAPACITOR_0603_10V_1UF";"CAPACITOR_0603_10V_1UF";"0603-CAP";"C2";"Capacitor, Non-Polarized";"1µF";"";"311-1796-1-ND";"Yageo";"603-CC603KRX7R6BB105";"CC0603KRX7R6BB105";"";"";"10%";"10V";"";"";
"1";"CAPACITOR_0603_10V_4.7UF";"CAPACITOR_0603_10V_4.7UF";"0603-CAP";"C3";"Capacitor, Non-Polarized";"4.7µF";"";"1276-1044-1-ND";"Samsung Electro-Mechanics";"187-CL10A475KP8NNNC";"CL10A475KP8NNNC";"";"";"10%";"10V";"";"";
"1";"CAPACITOR_0603_25V_1UF";"CAPACITOR_0603_25V_1UF";"0603-CAP";"C4";"Capacitor, Non-Polarized";"1µF";"";"1276-1184-1-ND";"Samsung Electro-Mechanics";"187-CL10B105KA8NNNC";"CL10B105KA8NNNC";"";"";"10%";"25V";"";"";
"1";"CONNECTOR-CAN_NF_S_RA_BLACK";"CONNECTOR-CAN_NF_S_RA_BLACK";"MOLEX_NANOFIT_SMD_RIGHTANGLE_04";"J9";"HyTech CAN Connector";"";"";"";"Molex";"";"105405-1304";"";"";"";"";"";"";
"8";"CONNECTOR-SENSOR_NF_S_RA_BLACK";"CONNECTOR-SENSOR_NF_S_RA_BLACK";"MOLEX_NANOFIT_SMD_RIGHTANGLE_04";"J1, J2, J3, J4, J5, J6, J7, J8";"HyTech Sensor Connector";"";"";"";"Molex";"";"105405-1304";"";"";"";"";"";"";
"1";"JUMPER_1X02_";"JUMPER_1X02_";"1X02";"J10";"2 Pin Connector";"";"";"";"";"";"";"";"";"";"";"";"";
"2";"LED_0603_RED";"LED_0603_RED";"0603-LED";"D1, D2";"LED";"";"Red";"754-1786-1-ND";"Kingbright";"604-APT1608SECKJ3PRV";"APT1608SECK/J3-PRV";"";"";"";"";"";"";
"9";"RESISTOR_0603_10K";"RESISTOR_0603_10K";"0603-RES";"R1, R3, R5, R7, R9, R11, R13, R15, R17";"Resistor";"";"";"311-10.0KHRCT-ND";"Yageo";"603-RC0603FR-0710KL";"RC0603FR-0710KL";"0.1W";"10k";"1%";"";"31.62V";"75V";
"8";"RESISTOR_0603_12K";"RESISTOR_0603_12K";"0603-RES";"R2, R4, R6, R8, R10, R12, R14, R16";"Resistor";"";"";"311-12.0KHRCT-ND";"Yageo";"603-RC0603FR-0712KL";"RC0603FR-0712KL";"0.1W";"12k";"1%";"";"34.64V";"75V";
"1";"RESISTOR_0603_1K";"RESISTOR_0603_1K";"0603-RES";"R18";"Resistor";"";"";"311-1.00KHRCT-ND";"Yageo";"603-RC0603FR-071KL";"RC0603FR-071KL";"0.1W";"1k";"1%";"";"10.00V";"75V";
"1";"RESISTOR_0603_470";"RESISTOR_0603_470";"0603-RES";"R19";"Resistor";"";"";"P470BYCT-ND";"Panasonic Electronic Components";"667-ERJ-PA3F4700V";"ERJ-PA3F4700V";"0.25W";"470";"1%";"";"10.84V";"150V";
"1";"TCAN1051HQV-Q1";"TCAN1051HQV-Q1";"SOIC-08(NARROW,0.15")";"U3";"TCAN1051*V Can Tranciever";"";"";"296-49935-1-ND";"Texas Instruments";"595-TCAN1051HGVDQ1";"TCAN1051HGVDRQ1";"";"";"";"";"";"";
"1";"TEENSY_3.2";"TEENSY_3.2";"TEENSY_SHORT";"A1";"Teensy 3.2";"";"";"";"";"";"";"";"";"";"";"";"";
"1";"VOLTAGE_REGULATOR_SOT223_5V";"VOLTAGE_REGULATOR_SOT223_5V";"SOT223";"U1";"Voltage Regulators";"";"";"497-17240-1-ND";"STMicroelectronics";"511-LDL1117S50R";"LDL1117S50R";"";"";"";"";"";"";
