"Qty";"Value";"Device";"Package";"Parts";"Description";"CAPACITANCE";"COLOR";"CURRENT";"DKPN";"ESR";"FUSE_TYPE";"MANUFACTURER";"MOPN";"MPN";"POWER";"RESISTANCE";"TOLERANCE";"VOLTAGE";"VOLTAGE_CONTINUOUS";"VOLTAGE_MAX";
"1";"CAPACITOR_0603_10V_1UF";"CAPACITOR_0603_10V_1UF";"0603-CAP";"C11";"Capacitor, Non-Polarized";"1µF";"";"";"311-1796-1-ND";"";"";"Yageo";"603-CC603KRX7R6BB105";"CC0603KRX7R6BB105";"";"";"10%";"10V";"";"";
"1";"CAPACITOR_0603_10V_680PF";"CAPACITOR_0603_10V_680PF";"0603-CAP";"C9";"Capacitor, Non-Polarized";"680pF";"";"";"732-7757-1-ND";"";"";"Würth Elektronik";"710-885012006013";"885012006013";"";"";"5%";"10V";"";"";
"2";"CAPACITOR_0603_10V_68NF";"CAPACITOR_0603_10V_68NF";"0603-CAP";"C8, C13";"Capacitor, Non-Polarized";"68nF";"";"";"399-C0603C683K8RAC7867CT-ND";"";"";"KEMET";"80-C0603C683K8R";"C0603C683K8RACTU";"";"";"10%";"10V";"";"";
"3";"CAPACITOR_0603_25V_0.1UF";"CAPACITOR_0603_25V_0.1UF";"0603-CAP";"C10, C100, C103";"Capacitor, Non-Polarized";"0.1µF";"";"";"1276-1006-1-ND";"";"";"Samsung Electro-Mechanics";"187-CL10B104KA8NNNC";"CL10B104KA8NNNC";"";"";"10%";"25V";"";"";
"4";"CAPACITOR_0603_25V_10UF";"CAPACITOR_0603_25V_10UF";"0603-CAP";"C2, C4, C7, C102";"Capacitor, Non-Polarized";"10µF";"";"";"490-7202-1-ND";"";"";"Murata Electronics";"81-GRM188R61E106MA3D";"GRM188R61E106MA73D";"";"";"20%";"25V";"";"";
"3";"CAPACITOR_0603_25V_1UF";"CAPACITOR_0603_25V_1UF";"0603-CAP";"C3, C101, C104";"Capacitor, Non-Polarized";"1µF";"";"";"1276-1184-1-ND";"";"";"Samsung Electro-Mechanics";"187-CL10B105KA8NNNC";"CL10B105KA8NNNC";"";"";"10%";"25V";"";"";
"2";"CAPACITOR_0603_25V_47NF";"CAPACITOR_0603_25V_47NF";"0603-CAP";"C5, C6";"Capacitor, Non-Polarized";"47nF";"";"";"478-6340-1-ND";"";"";"Kyocera AVX";"581-06033C473K42ZA";"06033C473K4Z2A";"";"";"10%";"25V";"";"";
"1";"CAPACITOR_0603_35V_1UF";"CAPACITOR_0603_35V_1UF";"0603-CAP";"C12";"Capacitor, Non-Polarized";"1µF";"";"";"445-173625-1-ND";"";"";"TDK Corporation";"810-C1608X7R1V105KAE";"C1608X7R1V105K080AE";"";"";"10%";"35V";"";"";
"1";"CAPACITOR_1206_25V_33UF";"CAPACITOR_1206_25V_33UF";"1206-CAP";"C105";"Capacitor, Non-Polarized";"33µF";"";"";"445-8046-1-ND";"";"";"TDK Corporation";"810-C3216X5R1E336M";"C3216X5R1E336M160AC";"";"";"20%";"25V";"";"";
"1";"CONNECTOR-3_8STA20435PN";"CONNECTOR-3_8STA20435PN";"SOURIAU_04-35";"J2";"";"";"";"";"";"";"";"Souriau";"";"8STA20435PN";"";"";"";"";"";"";
"2";"CONNECTOR-4_SOURIAU_";"CONNECTOR-4_SOURIAU_";"SOURIAU_12-04";"J1, J3";"";"";"";"";"";"";"";"Souriau";"";"8STA21204PN";"";"";"";"";"";"";
"1";"EEUFP1E681";"EEUFP1E681";"EEUFP1E*";"C1";"EEUFP1E Aluminum Electrolytic Capacitor";"680uF";"";"";"P123947-ND";"0.068";"";"Panasonic Electronic Components";"667-EEU-FP1E681";"EEU-FP1E681";"";"";"20%";"25V";"";"";
"4";"FUSE_HOLDER_MINIBLADEPTH";"FUSE_HOLDER_MINIBLADEPTH";"3568";"XF1, XF2, XF3, XF4";"Fuse Holder";"";"";"";"36-3568-ND";"";"MINI 297";"Keystone";"534-3568";"3568";"";"";"";"";"";"";
"4";"LED_0603_BLUE";"LED_0603_BLUE";"0603-LED";"D7, D8, D9, D17";"LED";"";"Blue";"";"754-1789-1-ND";"";"";"Kingbright";"604-APT1608VBC/D";"APT1608VBC/D";"";"";"";"";"";"";
"2";"LED_0603_GREEN";"LED_0603_GREEN";"0603-LED";"D11, D12";"LED";"";"Green";"";"754-1790-1-ND";"";"";"Kingbright";"604-APT1608ZGCK";"APT1608ZGCK";"";"";"";"";"";"";
"1";"LED_0603_ORANGE";"LED_0603_ORANGE";"0603-LED";"D10";"LED";"";"Orange";"";"754-1120-1-ND";"";"";"Kingbright";"604-APT1608SECK";"APT1608SECK";"";"";"";"";"";"";
"2";"LED_0603_RED";"LED_0603_RED";"0603-LED";"D15, D16";"LED";"";"Red";"";"754-1786-1-ND";"";"";"Kingbright";"604-APT1608SECKJ3PRV";"APT1608SECK/J3-PRV";"";"";"";"";"";"";
"2";"LED_0603_YELLOW";"LED_0603_YELLOW";"0603-LED";"D13, D14";"LED";"";"Yellow";"";"754-1788-1-ND";"";"";"Kingbright";"604-APT1608SYCK/J3-PRV";"APT1608SYCK/J3-PRV";"";"";"";"";"";"";
"1";"LTC4421";"LTC4421";"SSOP-36";"U1";"LTC4421 Dual Supply Prioritizer";"";"";"";"161-LTC4421CG#PBF-ND";"";"";"Analog Devices Inc.";"584-LTC4421CG#PBF";"LTC4421CG#PBF";"";"";"";"";"";"";
"1";"RELAY_SOLIDSTATE_NO_CMX60D20";"RELAY_SOLIDSTATE_NO_CMX60D20";"CRYDOM_CMX";"K1";"Solid State Normally Open Relay";"";"";"";"CC1666-ND";"";"";"Crydom";"558-CMX60D20";"CMX60D20";"";"";"";"";"";"";
"2";"RESISTOR_0603_1.13M";"RESISTOR_0603_1.13M";"0603-RES";"R11, R26";"Resistor";"";"";"";"541-1.13MHCT-ND";"";"";"Vishay Dale";"71-CRCW06031M13FKEA";"CRCW06031M13FKEA";"0.1W";"1.13M";"1%";"";"75V";"100V";
"4";"RESISTOR_0603_10K";"RESISTOR_0603_10K";"0603-RES";"R1, R2, R3, R22";"Resistor";"";"";"";"311-10.0KHRCT-ND";"";"";"Yageo";"603-RC0603FR-0710KL";"RC0603FR-0710KL";"0.1W";"10k";"1%";"";"31.62V";"75V";
"2";"RESISTOR_0603_13K";"RESISTOR_0603_13K";"0603-RES";"R9, R24";"Resistor";"";"";"";"P13KBECT-ND";"";"";"Panasonic Electronic Components";"667-ERA-3ARW133V";"ERA-3ARW133V";"0.1W";"13k";"0.05%";"";"75V";"150V";
"10";"RESISTOR_0603_1K";"RESISTOR_0603_1K";"0603-RES";"R12, R13, R14, R15, R16, R17, R18, R19, R20, R21";"Resistor";"";"";"";"311-1.00KHRCT-ND";"";"";"Yageo";"603-RC0603FR-071KL";"RC0603FR-071KL";"0.1W";"1k";"1%";"";"10.00V";"75V";
"2";"RESISTOR_0603_41.2K";"RESISTOR_0603_41.2K";"0603-RES";"R7, R23";"Resistor";"";"";"";"P20155CT-ND";"";"";"Panasonic Electronic Components";"667-ERJ-PB3B4122V";" ERJ-PB3B4122V";"0.2W";"41.2k";"0.1%";"";"150V";"200V";
"2";"RESISTOR_0603_5.49K";"RESISTOR_0603_5.49K";"0603-RES";"R10, R25";"Resistor";"";"";"";"P20367CT-ND";"";"";"Panasonic Electronic Components";"667-ERJ-PB3D5491V";"ERJ-PB3D5491V";"0.2W";"5.49k";"0.5%";"";"150V";"200V";
"2";"RESISTOR_0603_DNP";"RESISTOR_0603_DNP";"0603-RES";"R100, R101";"Resistor";"";"";"";"";"";"";"";"";"";"";"DNP";"";"";"";"";
"2";"RESISTOR_0805_0.62";"RESISTOR_0805_0.62";"0805-RES";"R6, R8";"Resistor";"";"";"";"311-.62SCT-ND";"";"";"Yageo";"603-RL0805FR-070R62L";"RL0805FR-070R62L";"0.125W";"0.62";"1%";"";"0.28V";"0.70V";
"2";"RESISTOR_SENSE__WSL40262L000FEB";"RESISTOR_SENSE__WSL40262L000FEB";"4026";"R4, R5";"Vishay Dale Current Sense Resistor";"";"";"";"WSLR-.002CT-ND";"";"";"Vishay Dale";"71-WSL40262L000FEB";"WSL40262L000FEB";"3W";"2.0mΩ";"1%";"0.077V";"";"";
"2";"SCHOTTKY_SOD323_30V";"SCHOTTKY_SOD323_30V";"SOD-323";"D2, D3";"CUS08F30 Shottky Diode";"";"";"0.8A";"CUS08F30H3FTR-ND";"";"";"Toshiba Semiconductor and Storage";"757-CUS08F30H3F";"CUS08F30";"";"";"";"30V";"";"";
"12";"TEST_POINT";"TEST_POINT";"5015";"TP1, TP2, TP3, TP4, TP5, TP6, TP7, TP8, TP9, TP10, TP11, TP12";"Test Point for Probing";"";"";"";"36-5015CT-ND";"";"";"Keystone Electronics";"534-5015";"5015";"";"";"";"";"";"";
"4";"TRANSISTOR_N_MOS_2-7K1S_TK100S04N1LLQ";"TRANSISTOR_N_MOS_2-7K1S_TK100S04N1LLQ";"DPAK(2-7K1S)";"Q1, Q2, Q3, Q4";"N-MOSFET";"";"";"";"TK100S04N1LLQCT-ND";"";"";"Toshiba Semiconductor and Storage";"757-TK100S04N1LLQ";"TK100S04N1L,LQ";"";"";"";"";"";"";
"4";"TVS_15V";"TVS_15V";"SOT-23";"D1, D4, D5, D6";"TVS Diode";"";"";"";"GSOT15-E3-08CT-ND";"";"";"Vishay General Semiconductor - Diodes Division";"78-GSOT15-E3-08";"GSOT15-E3-08";"";"";"";"15V";"";"";
"1";"UWE-12/10-Q12PB-C";"UWE-12/10-Q12PB-C";"UWE-*";"A1";"UWE-Q12 Series Wide Input, Isolated Eighth-Brick DCDC Converters";"";"";"";"811-3061-ND";"";"";"Murata Power Solutions Inc.";"580-UWE-12/10Q12PBC";"UWE-12/10-Q12PB-C";"";"";"";"";"";"";
