"Qty";"Value";"Device";"Package";"Parts";"Description";"COLOR";"DKPN";"MANUFACTURER";"MOPN";"MPN";"POWER";"RESISTANCE";"TOLERANCE";"VOLTAGE_CONTINUOUS";"VOLTAGE_MAX";
"1";"CONNECTOR-4_μF_S_RA_";"CONNECTOR-4_μF_S_RA_";"MOLEX_MICROFIT_SMD_RIGHTANGLE_04_DUAL";"J1";"";"";"WM1832CT-ND";"Molex";"538-0430450411";"0430450411";"";"";"";"";"";
"4";"LED_RGB_ASMG-PT00-00001";"LED_RGB_ASMG-PT00-00001";"ASMG-PT00-00001";"D1, D2, D3, D4";"Broadcom ASMG-PT00-00001 RGB LED";"RGB";"516-4178-2-ND";"Broadcom Limited";"630-ASMG-PT00-00001";"ASMG-PT00-00001";"";"";"";"";"";
"1";"RESISTOR_0805_36";"RESISTOR_0805_36";"0805-RES";"R1";"Resistor";"";"P36ADTR-ND";"Panasonic Electronic Components";"667-ERJ-P06J360V";"ERJ-P06J360V";"0.5W";"36";"5%";"4.243V";"400V";
"1";"RESISTOR_0805_5.1";"RESISTOR_0805_5.1";"0805-RES";"R3";"Resistor";"";"P19237TR-ND";"Panasonic Electronic Components";"667-ERJ-6DQJ5R1V";"ERJ-6DQJ5R1V";"0.5W";"5.1";"5%";"1.597V";"400V";
